﻿JobTitle,Gender,Age,Education,Dept,Seniority,Annual salary (include bonus)
Software Engineer,Male,21,College,Management,5,119604
Software Engineer,Male,20,Masters,Sales,4,118234
IT,Female,20,PhD,Operations,4,81016
Software Engineer,Male,18,PhD,Engineering,5,107763
Financial Analyst,Female,19,College,Sales,3,92997
Financial Analyst,Female,23,PhD,Administration,5,99190
Data Scientist,Female,30,College,Engineering,5,101905
Financial Analyst,Male,24,PhD,Sales,3,92652
Software Engineer,Male,21,PhD,Engineering,5,142448
Software Engineer,Male,19,Masters,Administration,4,109923
IT,Female,38,College,Administration,5,122896
Software Engineer,Male,20,Masters,Management,2,76496
Data Scientist,Female,22,High School,Engineering,3,84495
Data Scientist,Female,45,PhD,Management,5,123391
Software Engineer,Male,27,PhD,Management,4,106090
Software Engineer,Male,21,High School,Management,4,101454
Software Engineer,Male,31,High School,Operations,3,102022
IT,Female,33,College,Management,4,94047
IT,Male,19,College,Administration,4,88009
Data Scientist,Male,29,PhD,Administration,5,106139
Data Scientist,Male,32,PhD,Management,3,95824
Software Engineer,Male,31,PhD,Sales,2,97673
Software Engineer,Male,25,Masters,Sales,5,130317
Software Engineer,Male,22,Masters,Management,3,91232
Data Scientist,Female,21,PhD,Operations,3,80676
IT,Female,22,High School,Sales,4,112335
Software Engineer,Male,18,Masters,Operations,4,98578
Data Scientist,Female,33,Masters,Sales,2,99069
Software Engineer,Female,22,Masters,Operations,3,96986
Data Scientist,Female,24,College,Administration,4,79728
Software Engineer,Male,40,PhD,Management,4,121959
Data Scientist,Female,49,College,Operations,3,79524
Financial Analyst,Male,18,PhD,Engineering,4,107202
Software Engineer,Male,19,PhD,Administration,3,98967
Data Scientist,Male,18,PhD,Administration,4,69421
Data Scientist,Male,18,High School,Operations,2,64594
Financial Analyst,Female,42,College,Engineering,5,122402
Data Scientist,Male,22,High School,Management,2,58991
Financial Analyst,Male,29,Masters,Engineering,5,121061
Data Scientist,Female,32,PhD,Engineering,1,55150
IT,Female,48,PhD,Operations,3,97009
Data Scientist,Female,38,Masters,Administration,5,137135
Software Engineer,Male,26,PhD,Operations,2,76850
Financial Analyst,Female,36,Masters,Administration,3,101131
Software Engineer,Male,18,College,Operations,3,90300
Financial Analyst,Female,47,High School,Sales,5,155151
Software Engineer,Male,29,High School,Management,1,91448
IT,Male,55,College,Management,5,136571
Financial Analyst,Female,43,PhD,Management,3,125923
Financial Analyst,Female,30,High School,Engineering,5,119421
Financial Analyst,Female,21,Masters,Operations,4,100625
IT,Male,18,High School,Engineering,1,56166
Financial Analyst,Male,26,College,Engineering,4,115615
Financial Analyst,Female,29,Masters,Administration,4,96506
Data Scientist,Male,51,PhD,Operations,4,119374
Software Engineer,Male,54,PhD,Administration,4,133817
IT,Female,26,College,Administration,2,63410
IT,Female,49,College,Management,3,117163
Financial Analyst,Female,27,High School,Administration,4,95119
Data Scientist,Male,38,College,Administration,5,110428
IT,Male,53,PhD,Management,5,136138
Financial Analyst,Male,49,High School,Engineering,4,111006
Financial Analyst,Male,41,Masters,Engineering,3,105386
Financial Analyst,Male,26,College,Operations,4,112237
Data Scientist,Male,29,High School,Administration,1,76692
Financial Analyst,Male,44,Masters,Administration,4,128726
Financial Analyst,Female,43,High School,Sales,5,122269
Software Engineer,Female,28,PhD,Engineering,4,112146
Software Engineer,Male,40,College,Management,1,76197
Data Scientist,Male,28,Masters,Administration,5,105610
Data Scientist,Female,48,Masters,Management,1,107794
Data Scientist,Female,53,Masters,Engineering,5,142047
IT,Male,18,Masters,Administration,4,78202
Financial Analyst,Male,38,College,Management,5,121865
Software Engineer,Male,24,Masters,Management,1,87810
Software Engineer,Male,49,Masters,Administration,5,151758
Financial Analyst,Male,36,Masters,Operations,1,79333
Software Engineer,Male,59,Masters,Engineering,1,116520
IT,Female,29,Masters,Management,3,80651
IT,Female,30,Masters,Engineering,2,89182
IT,Female,42,College,Operations,2,92449
IT,Female,43,PhD,Administration,5,136681
Software Engineer,Male,64,College,Sales,4,128166
Software Engineer,Male,39,High School,Sales,4,114814
Software Engineer,Male,33,PhD,Administration,2,95787
Software Engineer,Male,56,PhD,Administration,5,148989
Financial Analyst,Female,52,High School,Engineering,2,107239
Software Engineer,Male,43,PhD,Management,5,109056
Data Scientist,Male,19,High School,Operations,2,67639
IT,Male,20,PhD,Engineering,2,82582
Financial Analyst,Male,47,College,Administration,2,72875
Software Engineer,Male,26,College,Administration,2,85266
Software Engineer,Male,18,Masters,Engineering,2,95867
Data Scientist,Female,32,College,Management,4,87635
Financial Analyst,Female,39,College,Operations,1,84051
Data Scientist,Female,37,Masters,Engineering,2,106220
Data Scientist,Female,39,PhD,Management,3,99405
Financial Analyst,Male,29,High School,Management,4,97897
Software Engineer,Male,58,High School,Management,3,127356
Financial Analyst,Male,53,Masters,Administration,3,120345
IT,Male,52,Masters,Engineering,1,97374
Financial Analyst,Female,48,Masters,Management,5,136686
IT,Female,34,College,Operations,1,62490
Software Engineer,Female,27,High School,Operations,1,73500
Data Scientist,Male,29,High School,Engineering,3,73575
Data Scientist,Male,38,High School,Sales,2,89272
IT,Male,40,College,Administration,5,117136
Software Engineer,Male,27,Masters,Engineering,1,73853
Financial Analyst,Male,35,PhD,Operations,5,106860
IT,Male,19,College,Engineering,3,87448
Software Engineer,Male,36,Masters,Engineering,5,140520
IT,Male,43,College,Operations,4,107605
Financial Analyst,Male,24,Masters,Administration,1,76266
Data Scientist,Female,61,Masters,Management,2,104757
Data Scientist,Male,26,High School,Management,3,88943
Financial Analyst,Female,30,High School,Operations,2,47661
Software Engineer,Male,29,High School,Engineering,1,83077
IT,Female,46,PhD,Sales,3,110554
Data Scientist,Male,53,High School,Management,2,111245
Data Scientist,Female,29,High School,Engineering,3,93132
IT,Male,28,High School,Operations,3,72868
Data Scientist,Female,31,High School,Operations,2,63953
IT,Female,41,High School,Operations,3,108635
Financial Analyst,Female,30,Masters,Administration,5,123255
IT,Male,28,High School,Administration,5,105111
Data Scientist,Male,24,Masters,Sales,2,68609
IT,Male,47,PhD,Operations,1,89097
Financial Analyst,Male,33,Masters,Operations,1,78267
IT,Female,22,Masters,Sales,1,46223
Financial Analyst,Male,20,High School,Operations,2,72991
IT,Female,65,Masters,Administration,4,129159
Financial Analyst,Male,39,PhD,Management,3,94577
Software Engineer,Male,56,College,Operations,3,115140
Financial Analyst,Female,49,Masters,Sales,4,133770
Software Engineer,Male,52,Masters,Administration,5,147482
Financial Analyst,Male,19,Masters,Operations,2,69354
Data Scientist,Female,29,College,Operations,1,67397
Software Engineer,Male,64,High School,Operations,2,118727
IT,Male,55,College,Sales,3,112174
Software Engineer,Male,59,Masters,Engineering,4,162935
Financial Analyst,Male,30,Masters,Sales,1,91484
IT,Male,64,PhD,Management,2,105560
Data Scientist,Female,29,High School,Management,4,81071
Financial Analyst,Male,58,College,Management,4,126905
Financial Analyst,Female,36,High School,Administration,5,128331
Software Engineer,Male,63,High School,Administration,5,148350
Software Engineer,Female,41,PhD,Sales,1,94622
IT,Male,63,Masters,Operations,5,142160
Data Scientist,Male,23,Masters,Administration,1,69995
Software Engineer,Female,28,College,Engineering,5,121218
Software Engineer,Male,65,High School,Management,5,164521
Financial Analyst,Male,51,PhD,Operations,4,120308
Data Scientist,Female,45,Masters,Sales,5,136138
Financial Analyst,Female,35,Masters,Management,2,75211
Financial Analyst,Male,35,College,Administration,4,97970
Data Scientist,Female,57,High School,Management,1,93964
Software Engineer,Male,65,Masters,Sales,1,142258
Data Scientist,Female,33,High School,Administration,3,78332
Financial Analyst,Male,64,High School,Operations,3,104513
Software Engineer,Male,26,High School,Sales,2,67872
Data Scientist,Male,19,PhD,Management,5,86625
Software Engineer,Male,36,PhD,Management,3,120721
IT,Female,49,College,Engineering,1,81331
Financial Analyst,Male,20,PhD,Operations,3,86439
Financial Analyst,Male,47,College,Operations,3,99519
Financial Analyst,Male,60,High School,Engineering,4,129660
IT,Male,59,PhD,Operations,1,86304
Data Scientist,Female,20,High School,Engineering,1,47688
IT,Female,45,College,Operations,2,78250
Software Engineer,Male,59,High School,Operations,4,132085
Financial Analyst,Female,20,High School,Operations,3,69376
Data Scientist,Male,28,Masters,Sales,3,88644
IT,Female,38,High School,Sales,2,82935
Data Scientist,Male,45,PhD,Administration,5,130184
IT,Male,18,PhD,Sales,1,63868
Financial Analyst,Male,59,PhD,Management,1,98125
IT,Male,34,College,Sales,4,97323
Software Engineer,Male,29,Masters,Operations,2,99345
Financial Analyst,Female,46,College,Administration,4,124502
IT,Male,58,College,Management,5,138272
Software Engineer,Male,60,Masters,Sales,5,162262
Software Engineer,Male,63,College,Operations,2,132198
Data Scientist,Male,23,High School,Sales,3,90816
Software Engineer,Male,20,PhD,Engineering,4,98932
Financial Analyst,Male,45,High School,Operations,2,81887
Software Engineer,Male,65,High School,Engineering,1,108534
Software Engineer,Male,60,PhD,Management,5,152071
Data Scientist,Male,31,College,Operations,1,81254
Data Scientist,Male,41,Masters,Administration,4,110925
Data Scientist,Female,55,Masters,Administration,4,128969
Data Scientist,Male,41,PhD,Administration,1,74452
Data Scientist,Female,46,College,Administration,3,113658
Software Engineer,Male,45,Masters,Operations,2,96282
Software Engineer,Male,58,Masters,Engineering,5,161343
Software Engineer,Male,40,High School,Management,2,103927
Software Engineer,Male,42,Masters,Engineering,5,128320
Software Engineer,Male,30,Masters,Engineering,5,119182
Software Engineer,Male,39,PhD,Management,1,99796
Data Scientist,Female,34,PhD,Administration,1,89556
Data Scientist,Male,32,PhD,Sales,4,112017
IT,Female,46,High School,Operations,3,105633
Software Engineer,Male,30,College,Administration,5,83350
Financial Analyst,Female,63,Masters,Operations,1,103036
Financial Analyst,Female,36,College,Engineering,2,71927
Financial Analyst,Male,22,PhD,Administration,2,76085
Financial Analyst,Male,32,Masters,Sales,3,86167
Software Engineer,Male,64,High School,Sales,2,125671
Data Scientist,Male,58,High School,Operations,1,93901
IT,Female,36,PhD,Management,3,82229
Data Scientist,Male,44,Masters,Management,3,121525
Financial Analyst,Male,39,Masters,Engineering,4,122354
IT,Male,23,PhD,Administration,1,72581
Financial Analyst,Female,43,College,Sales,5,122501
Financial Analyst,Female,50,PhD,Operations,2,99917
Software Engineer,Male,35,Masters,Management,3,117114
IT,Female,43,Masters,Management,4,101406
Financial Analyst,Male,40,PhD,Sales,3,94968
Financial Analyst,Male,45,Masters,Management,2,106536
Data Scientist,Female,57,PhD,Sales,1,97265
IT,Male,33,College,Management,3,96182
Financial Analyst,Male,20,PhD,Engineering,4,111544
Financial Analyst,Male,56,High School,Engineering,3,107222
Data Scientist,Female,49,College,Engineering,4,133071
Software Engineer,Male,30,College,Administration,4,89515
Data Scientist,Female,37,College,Sales,5,105044
Data Scientist,Male,35,College,Operations,5,105531
IT,Male,40,College,Administration,3,83450
IT,Male,36,Masters,Engineering,2,71687
Financial Analyst,Male,58,College,Operations,4,132759
IT,Female,37,High School,Sales,2,62570
IT,Female,42,High School,Engineering,2,76173
Data Scientist,Female,41,PhD,Engineering,2,104764
Software Engineer,Male,53,High School,Management,3,112764
Data Scientist,Female,33,College,Sales,1,80022
Financial Analyst,Female,23,College,Administration,5,108395
IT,Female,62,College,Operations,2,106115
Financial Analyst,Female,26,College,Administration,2,55174
Data Scientist,Male,56,Masters,Engineering,3,103635
Data Scientist,Female,57,Masters,Operations,3,119460
Software Engineer,Male,23,Masters,Engineering,3,102350
Data Scientist,Male,27,College,Engineering,1,62499
Data Scientist,Male,40,Masters,Management,2,91834
Software Engineer,Male,42,College,Administration,3,120871
IT,Male,43,College,Management,1,72003
Data Scientist,Male,28,High School,Management,2,74709
IT,Male,39,High School,Engineering,4,98578
IT,Female,18,Masters,Sales,1,50637
IT,Female,44,PhD,Operations,5,137946
IT,Male,27,PhD,Operations,3,98096
Software Engineer,Male,63,PhD,Engineering,2,140701
IT,Female,62,College,Management,3,117656
Data Scientist,Female,36,High School,Operations,3,83645
Financial Analyst,Female,18,High School,Operations,2,73443
Data Scientist,Female,55,Masters,Sales,5,143724
Software Engineer,Male,42,College,Management,1,109124
IT,Male,65,Masters,Sales,5,171735
Software Engineer,Male,53,High School,Operations,1,94976
Financial Analyst,Male,31,PhD,Engineering,1,84587
Software Engineer,Male,23,PhD,Management,2,84135
IT,Female,28,PhD,Sales,5,110978
Data Scientist,Male,30,College,Operations,3,78949
Financial Analyst,Female,23,High School,Management,4,83682
IT,Male,20,PhD,Management,1,55074
Software Engineer,Male,36,High School,Administration,4,93014
Financial Analyst,Male,24,PhD,Engineering,3,77435
Financial Analyst,Male,36,PhD,Operations,1,98170
Data Scientist,Female,39,Masters,Operations,3,98486
Financial Analyst,Male,58,Masters,Operations,3,111169
Financial Analyst,Female,58,PhD,Engineering,1,103060
Data Scientist,Female,33,High School,Operations,4,84837
Data Scientist,Male,62,College,Operations,3,100322
Software Engineer,Male,51,Masters,Engineering,3,137195
Software Engineer,Male,32,College,Operations,1,75979
Data Scientist,Male,33,High School,Engineering,2,58835
IT,Male,35,College,Management,4,102302
Software Engineer,Male,47,Masters,Operations,4,131635
Data Scientist,Male,49,College,Administration,3,100556
IT,Female,26,PhD,Sales,5,117115
IT,Male,33,Masters,Engineering,5,112010
Financial Analyst,Male,31,PhD,Administration,3,88616
Financial Analyst,Male,38,Masters,Administration,1,90308
Data Scientist,Female,55,PhD,Administration,1,113474
Data Scientist,Female,48,College,Administration,3,85094
Financial Analyst,Female,63,PhD,Engineering,3,135437
Financial Analyst,Female,20,College,Management,2,81664
Financial Analyst,Female,53,High School,Management,1,98725
IT,Female,26,College,Sales,3,86972
Data Scientist,Male,44,High School,Sales,1,88528
IT,Male,62,Masters,Engineering,4,123206
Software Engineer,Male,50,PhD,Sales,1,124172
Data Scientist,Male,59,Masters,Sales,1,102932
Data Scientist,Male,62,PhD,Sales,3,113135
Data Scientist,Female,27,High School,Administration,5,101877
Software Engineer,Male,32,College,Engineering,5,133357
Software Engineer,Male,36,High School,Operations,5,113708
Data Scientist,Female,53,PhD,Operations,2,107025
IT,Female,56,Masters,Management,2,107874
Data Scientist,Female,21,PhD,Engineering,2,72633
IT,Male,33,Masters,Sales,1,89887
IT,Female,27,Masters,Administration,2,60009
Software Engineer,Male,36,Masters,Administration,2,100675
Data Scientist,Female,43,PhD,Sales,3,111798
Software Engineer,Male,25,High School,Engineering,4,107747
Software Engineer,Male,40,Masters,Sales,1,124786
Data Scientist,Female,40,Masters,Management,5,105131
IT,Female,60,Masters,Management,2,109125
IT,Female,48,High School,Management,1,67418
Software Engineer,Male,64,PhD,Sales,5,162121
Software Engineer,Male,65,High School,Sales,2,126789
Data Scientist,Female,58,PhD,Engineering,2,113004
IT,Female,62,College,Sales,4,132402
Financial Analyst,Female,45,Masters,Administration,5,127577
Data Scientist,Male,26,Masters,Operations,3,94717
IT,Female,47,PhD,Administration,3,108952
Data Scientist,Female,51,PhD,Sales,5,144110
Data Scientist,Male,41,College,Operations,5,82297
IT,Female,58,High School,Sales,4,127947
Financial Analyst,Female,33,PhD,Administration,1,56144
Software Engineer,Male,31,College,Operations,4,111728
Financial Analyst,Male,55,College,Operations,1,89159
IT,Female,45,PhD,Sales,4,118687
Software Engineer,Male,22,College,Sales,1,71958
Financial Analyst,Female,54,College,Sales,2,117939
Software Engineer,Male,62,PhD,Engineering,3,142848
Financial Analyst,Female,63,College,Sales,2,101518
Software Engineer,Female,57,College,Engineering,3,119455
Financial Analyst,Male,27,PhD,Administration,4,105389
Data Scientist,Male,45,Masters,Operations,3,107764
Financial Analyst,Male,65,Masters,Sales,1,116481
IT,Male,52,College,Administration,5,99206
Financial Analyst,Male,50,Masters,Operations,3,119494
Software Engineer,Female,36,PhD,Management,1,82838
Software Engineer,Male,64,PhD,Engineering,4,143194
Software Engineer,Male,55,PhD,Management,3,126404
Software Engineer,Male,49,Masters,Administration,1,87737
IT,Female,54,Masters,Administration,3,101732
Financial Analyst,Female,24,High School,Management,4,85511
Financial Analyst,Female,32,High School,Administration,4,88730
Data Scientist,Female,53,Masters,Engineering,2,89173
Software Engineer,Male,45,High School,Management,1,86516
Software Engineer,Male,25,High School,Administration,4,86316
Data Scientist,Male,41,High School,Management,5,121537
Financial Analyst,Male,64,PhD,Operations,5,144601
Data Scientist,Male,43,PhD,Administration,4,111536
Data Scientist,Male,20,High School,Operations,2,65579
Software Engineer,Male,21,High School,Engineering,2,69998
IT,Male,27,High School,Management,3,61165
Software Engineer,Male,18,High School,Sales,1,59945
Data Scientist,Male,58,PhD,Engineering,5,128041
IT,Male,50,Masters,Management,3,104929
Data Scientist,Female,56,College,Engineering,5,129789
Data Scientist,Female,63,High School,Administration,5,119980
Software Engineer,Male,59,College,Sales,5,163390
Financial Analyst,Male,45,High School,Administration,2,89856
Financial Analyst,Female,48,College,Engineering,5,123095
Financial Analyst,Female,41,PhD,Operations,3,95954
Financial Analyst,Female,49,College,Operations,1,96469
Financial Analyst,Male,64,High School,Administration,3,127543
Data Scientist,Female,58,High School,Sales,5,144389
IT,Male,31,Masters,Sales,2,96581
IT,Female,44,High School,Sales,5,134495
IT,Male,59,Masters,Sales,2,103591
IT,Male,57,High School,Sales,3,115117
Financial Analyst,Male,39,College,Sales,1,65347
Data Scientist,Male,61,Masters,Administration,5,125942
Software Engineer,Male,29,High School,Sales,1,90168
Data Scientist,Male,62,High School,Operations,2,106277
Financial Analyst,Male,29,Masters,Operations,2,87999
IT,Female,57,High School,Administration,1,68694
IT,Female,28,High School,Management,1,45447
Financial Analyst,Female,48,College,Administration,4,118541
Data Scientist,Male,37,PhD,Administration,2,82424
Software Engineer,Female,57,High School,Engineering,1,108414
Financial Analyst,Male,47,High School,Management,1,73317
Financial Analyst,Female,61,Masters,Engineering,4,142024
Software Engineer,Male,36,Masters,Operations,1,89743
IT,Male,31,College,Operations,1,53598
Software Engineer,Male,51,College,Management,2,121881
IT,Female,47,PhD,Operations,3,103415
IT,Male,50,College,Operations,3,88376
Data Scientist,Female,58,PhD,Management,4,126180
Data Scientist,Female,57,PhD,Operations,2,117887
Financial Analyst,Male,43,PhD,Sales,4,112862
IT,Male,36,High School,Sales,4,113360
Software Engineer,Male,60,PhD,Administration,4,131513
Software Engineer,Male,37,High School,Sales,1,85057
Data Scientist,Male,56,Masters,Administration,2,98328
IT,Female,59,PhD,Engineering,3,96165
Software Engineer,Male,62,High School,Sales,3,126860
IT,Female,32,High School,Engineering,1,64613
IT,Female,54,High School,Engineering,5,116490
Data Scientist,Male,65,Masters,Sales,2,131977
IT,Male,51,High School,Engineering,3,91872
Financial Analyst,Female,62,High School,Operations,3,103766
Software Engineer,Male,36,Masters,Operations,1,97954
Financial Analyst,Female,49,PhD,Engineering,1,70167
Data Scientist,Male,62,PhD,Administration,3,126686
IT,Male,62,PhD,Management,2,108749
Data Scientist,Female,65,PhD,Operations,2,124317
Data Scientist,Female,64,High School,Sales,1,91002
Financial Analyst,Male,39,College,Engineering,4,103432
Financial Analyst,Female,47,College,Operations,2,66955
IT,Male,55,Masters,Operations,1,94643
Software Engineer,Male,62,High School,Sales,3,136182
Data Scientist,Male,57,Masters,Sales,3,110098
Software Engineer,Male,60,High School,Administration,3,109124
Software Engineer,Male,64,Masters,Sales,1,111799
Financial Analyst,Female,54,Masters,Operations,2,93962
IT,Female,59,College,Sales,3,112668
IT,Male,64,Masters,Sales,1,95075
Software Engineer,Male,62,High School,Management,3,121857
IT,Female,53,High School,Administration,2,114932
Data Scientist,Male,54,College,Sales,2,100394
Financial Analyst,Female,65,High School,Administration,2,99310
IT,Female,65,Masters,Administration,1,108986
Data Scientist,Male,57,Masters,Sales,2,112544
Financial Analyst,Male,48,High School,Operations,1,95071
Financial Analyst,Male,65,High School,Administration,1,99601
Financial Analyst,Male,60,PhD,Sales,2,125352
